,ABW,AFG,AGO,ALB,ARE,ARG,ARM,AUS,AUT,AZE,BDI,BEL,BEN,BFA,BGD,BGR,BHR,BHS,BIH,BLR,BLZ,BOL,BRA,BRB,BRN,BTN,BWA,CAF,CAN,CHE,CHL,CHN,CIV,CMR,COD,COG,COL,COM,CPV,CRI,CUB,CYP,CZE,DEU,DJI,DNK,DOM,DZA,ECU,EGY,ERI,ESP,EST,ETH,FIN,FJI,FRA,GAB,GBR,GEO,GHA,GIN,GMB,GNB,GNQ,GRC,GTM,GUY,HKG,HND,HRV,HTI,HUN,IDN,IND,IRL,IRN,IRQ,ISL,ISR,ITA,JAM,JOR,JPN,KAZ,KEN,KGZ,KHM,KOR,KWT,LAO,LBN,LBR,LBY,LCA,LKA,LSO,LTU,LUX,LVA,MAC,MAR,MDA,MDG,MDV,MEX,MKD,MLI,MLT,MMR,MNE,MNG,MOZ,MRT,MUS,MWI,MYS,NAM,NCL,NER,NGA,NIC,NLD,NOR,NPL,NZL,OMN,PAK,PAN,PER,PHL,PNG,POL,PRI,PRT,PRY,PSE,PYF,QAT,ROU,RUS,RWA,SAU,SDN,SEN,SGP,SLB,SLE,SLV,SOM,SRB,STP,SUR,SVK,SVN,SWE,SWZ,SYR,TCD,TGO,THA,TJK,TKM,TLS,TON,TTO,TUN,TUR,TWN,TZA,UGA,UKR,URY,USA,UZB,VCT,VEN,VNM,VUT,WSM,YEM,ZAF,ZMB,ZWE
1,16.91090172,6.496110515,9.425613542999999,7.110816262999999,6.835473617000001,-2.459245152,1.3491758109999998,11.395192199999999,7.87087836,1.380998086,8.955647937,-0.565881587,7.335623700000001,7.851174933999999,2.949734758,7.268477226,2.470601898,5.009424523,4.573196283,0.39554148,13.50334913,6.4204664220000005,0.9359342270000001,17.47623132,0.214252501,3.0184570660000003,8.955878378,11.18009154,-0.223768563,-4.025781975,-1.0614941629999999,2.032374735,7.027451149,5.750515676,11.82062318,11.33302618,11.46145041,7.081088562000001,4.620625012,12.68517714,15.02831908,5.892445915,9.950805747999999,5.06029927,6.670230806,6.6936469370000005,12.91008527,2.021322009,7.899316237000001,5.348418316,3.627784712,2.852077814,-1.8118518819999998,3.725692388,2.524013604,4.862242923999999,-0.01030356,7.260224397999999,-1.328976596,1.6610068709999999,6.486183619,8.10854097,3.371233932,2.1068241640000003,2.511518055,4.4149498760000006,9.82663035,6.272148949,8.2417132,23.48439254,3.5622909369999998,14.66594657,8.759922503,11.15634094,5.869746076,4.641210209,3.557602928,2.956531707,-5.027267473999999,2.3537098359999997,-1.70619915,14.36299032,3.6171835939999997,8.339557962999999,2.826524799,3.6807020560000003,2.279681147,7.53206403,8.670016168,1.380204175,3.2901253360000005,5.560645691,11.03841715,1.400272665,13.21208426,6.773098107,9.636749576,4.946278505,-4.15556771,4.962728004,-0.0,7.340234157,3.1908615210000004,11.44696096,6.773098107,3.09821108,5.632239285,9.768797472000001,2.493515405,5.310155704,3.178265385,1.3889541269999999,3.974574164,12.5320599,5.327713253,3.932560146,2.334194396,4.699261356,16.53507133,6.573501658,4.237336411,24.12412045,5.069067822,5.409342962,11.13569125,-1.33418514,5.49120602,6.542026805,8.469002389,8.45332793,3.388015008,3.1006106210000004,7.980021135,10.61789165,7.333515517,-6.2117452879999995,0.7817236879999999,-0.7125840520000001,4.266809357,5.930558951,0.98511992,5.125638137,6.5695572989999995,3.750781056,8.357090162999999,5.820273957,3.780989025,8.689982279,14.64148416,3.904247752,7.30282547,7.819600363999999,5.364052224,7.579442532000001,3.212157145,5.573241001,14.24835276,5.380007557000001,0.01901006,8.40416643,3.940511448,5.771769547999999,5.42330876,4.010859447,11.29742852,6.9486420120000005,-2.5073436,7.35952534,0.99616538,4.167577324,8.227196112,1.753316099,-4.1008597710000005,-0.5333381460000001,5.952702521,14.90675625,16.91090172,3.170601296,12.16146753,-2.7524383610000003,6.45818124,8.98169657,4.924055966,2.030722668
2,4.588604524,7.955776751,3.525519632,1.4821360030000001,7.473077453999999,3.558723535,3.7366409060000003,4.136651683999999,0.070455694,3.7186551160000003,6.8984658660000004,7.0370652410000005,4.525320638,6.629593181000001,2.572980506,4.744604948,7.820979541,-4.377977436,-0.479731446,-0.526642486,6.403807335,2.334785218,4.7823076360000005,-3.769226722,-0.295891742,6.732227971,10.19206831,4.377857962,-0.09225952800000001,4.392136185,7.399355363,4.232516105,4.016238192,4.54201946,6.427605231,8.471262642000001,4.431375095,5.939943327000001,3.547907192,13.87903794,-0.375460929,1.979896923,-0.8282093209999999,2.775531139,5.137896892,2.132104389,5.457158077999999,5.784497593999999,-2.935750617,8.626751211,1.212181285,4.769760675,-1.30222795,4.059530168999999,2.598311745,12.19877301,8.184284442000001,2.334589942,4.715039148,2.518901572,2.285087498,3.714359499,1.021439384,1.875210205,6.411814199,5.42298785,6.626406358,3.2903679219999997,6.167423566,5.884446561,1.591099998,6.225592036,3.0288554960000003,1.970147374,7.770342979,2.8175877639999998,7.620024786,9.982003785,3.6017961769999998,6.425300609,2.517567057,-3.6939622689999996,5.105406071,2.335400325,0.054378937,4.948112741,0.399519885,5.156106501,-3.486520837,7.6228928520000006,2.308919666,4.218111426,4.489260453,8.873782089,-2.9367270839999997,-8.460489757000001,4.731555007,0.091766316,6.696070837000001,-0.952279755,-0.0,2.400718888,3.248884285,2.455739018,-8.460489757000001,3.244882285,1.8170184919999999,7.974345017,6.849940886000001,7.1353006820000004,-0.522873476,-1.2942106629999999,3.449961213,8.912147935,8.56535605,2.955294929,5.008215906,7.072298733999999,-5.747957517000001,10.11313168,6.118742448,7.50671019,5.333828387,0.420844922,2.294301603,2.625366705,7.031473984,11.01075748,11.60910307,1.316889477,10.163711,-2.762670612,1.7253741740000001,-5.715931212999999,2.8029456660000003,-2.4736853180000002,5.7965846789999995,2.523131465,8.864124362,2.056406032,-1.11364549,7.514811947999999,5.743745197000001,3.9137897489999998,1.630116023,12.49107589,2.997431754,2.546750376,7.946914574,2.2900787730000003,-0.089485446,1.501292644,4.544730308,1.00883389,1.6154443219999999,0.956282593,4.479824829,4.8522064480000004,7.610858905,3.46063099,6.07653598,2.377896233,5.120471676,8.040891451,6.519675232999999,0.685512095,5.157065429,2.7491186689999996,7.8439790039999995,6.006140319,6.812008207000001,-0.06757456,1.857257586,2.141974527,2.8612913410000003,-1.5496017469999999,4.588604524,5.646688987999999,7.397797343,5.931765542999999,6.710079042,7.313642118,3.59571766,7.615105154
3,10.98480768,0.730867739,2.163455524,4.65619258,3.269051534,9.344317106,8.021450009,-1.77694326,8.476708056,7.36059644,2.656586051,-1.424364161,3.5164389010000003,-1.87871518,-2.0907195730000003,4.499780724,3.5705461119999997,3.097305225,6.607609639,-5.177596445,24.24672234,2.8989656360000002,6.441016866,12.68716053,-2.849491795,-2.043900133,12.03323228,3.841940956,4.700759194,14.89529278,10.98143721,1.490456178,4.5185764630000005,4.1758070410000006,4.022560888,10.39600124,11.94791563,2.601657495,1.934580575,12.32395607,6.401679586,2.151050497,9.030732057,3.09313861,12.1067399,-7.881856037,11.52433932,6.187753267000001,9.000401057000001,1.221123646,4.136218945,13.82577985,4.669105481,-2.204585023,3.199073897,13.70600282,10.17223831,8.946113605,-3.87889146,9.213254277999999,3.5093185630000003,6.635753935,3.9197509989999997,6.406210524,7.998923856,4.348291527,7.910781411,3.1746150460000004,6.168714828,9.269390841,8.778270915,7.834036537999999,9.069952725,6.739272175,-4.120594877,-5.41839005,6.375119987000001,7.589303535,-2.6195197830000003,3.378522636,14.51045232,5.876526113,6.510301576,3.2539760510000004,-2.994422413,-0.370197106,0.86867798,-3.174394344,3.031246629,3.407637031,10.31903666,2.084663441,4.4014421519999996,0.23590332100000003,9.013554995,0.952255159,11.04957849,2.179605034,7.013021038,2.531952808,-0.0,12.97467902,3.321054945,2.100815458,0.952255159,7.059459607000001,1.2054747140000002,4.227962226,6.874061869,-1.4806987809999999,8.097569325,1.30024996,3.2660962639999997,5.091698566,3.006984315,2.710820436,4.001678525,3.410562428,0.588085726,-0.20666802,2.00636733,15.27769315,-5.4254579839999995,-2.791247789,-5.912256974,-2.3381856869999997,4.6119605660000005,3.90588564,10.02897867,5.073417906,6.697900955,5.834077552,2.4166739130000003,-0.28520130899999996,13.52634454,6.622538133,5.856410778,1.6093345609999998,3.332478211,5.013121725,-1.214510902,1.719846195,9.532871991,7.494182219,3.346787075,0.8586891809999999,11.18709615,-0.7616028309999999,4.076739447,6.73740079,2.336554977,-3.123423184,-13.31063351,6.7056111970000005,9.332579634,-2.906796313,3.7411655689999996,6.386465454,3.873596182,1.826705656,0.67736398,-0.222803925,1.256945612,0.768368493,5.379760382000001,4.626657283,4.6416496480000005,1.481920125,13.59032323,6.598630761,3.7456638680000003,2.686989431,12.53999414,8.852095612000001,0.326984963,9.585779279,10.98480768,1.862824455,3.074829433,9.906941193,9.325355397000001,6.77312077,10.63165345,13.97599718
4,-0.07361067,1.629732659,5.524160413,1.236044786,7.928709157999999,8.669639847000001,-3.786476853,10.53494792,3.487935052,-5.01998303,7.991520134,5.32566973,1.224549336,3.4203244589999997,-0.617613162,3.2785695639999997,7.846183991,-2.5020983980000002,7.635380705,3.212111834,9.157302239,8.39683953,4.911257197,5.55589849,3.284135557,-1.2755868540000002,10.37980238,0.158254455,3.4153261539999997,7.726717104,1.025431659,3.7175668539999998,3.06863978,5.569277256,7.6076114729999995,5.051164189,4.946743178999999,8.378784572999999,-0.5822679629999999,7.190777074,-5.093626564,4.704127808,1.384932896,1.942043526,5.58124951,1.376730721,-9.409199011,4.6761841319999995,0.421213909,10.82367357,5.675944546,6.276005431000001,2.929998719,5.836588302000001,4.671523806000001,5.2583582710000005,7.74036556,2.113387044,4.453476965,3.396401687,2.930842249,3.9887577189999996,8.067350737,6.549415327,3.7932191580000003,1.969589555,3.1028361589999998,0.600314977,13.97748029,-0.797270004,5.417758745,-7.53382546,3.4345586889999997,-1.7672485619999998,2.875228767,4.199353365,1.8260898319999999,6.324520905,-11.40585453,5.475176192,5.983418052,-0.41779473100000003,4.724959271,5.692422787999999,-0.23061171100000002,9.022420465,0.487803938,2.1979427000000005,-3.846258208,6.206014431,5.465490518999999,2.6206659269999997,2.9536700810000003,9.751564361,3.9096699580000003,-2.501979584,6.399619845,3.394730819,4.051238015,3.21983545,-0.0,1.6419087469999998,5.123667708,4.158243294,-2.501979584,9.071284605,1.296876519,6.82348896,9.127225998,3.367813598,4.59637945,0.018758607,4.765251576,4.479364083,2.636360722,3.915477445,0.091038618,7.119481575,13.07319391,8.44511418,1.362552065,2.400467516,4.682718298,1.2990938859999999,-4.8546255480000005,-0.949002485,8.774670808,7.601981341,5.042097348,4.001634834,4.510339025,-1.753302425,0.387374701,-1.036697163,10.95475632,17.06043505,5.105171769,3.36596351,8.115944555,5.687167705,2.9358229939999996,11.12944297,9.636701021,7.10801967,5.020694874,4.956164458,2.707795042,-4.311745986,2.876026908,0.35662968100000003,4.361614045,-6.519736088999999,-6.66604202,2.567444192,4.693291046000001,4.098552336,10.75602515,3.660635615,5.27721589,3.1161282480000003,8.786312192,1.6914944630000002,1.692208475,-1.573625665,16.16008339,11.16009779,4.97445328,6.210666853999999,7.6710636139999995,7.719619363,12.21568611,4.04301126,8.288994775,3.0220354680000003,1.122847738,6.028677151,-0.07361067,7.027651867,6.545494541,5.336938558,5.866164994,7.819805175,2.687366696,-0.476347941
5,3.258848675,4.743838871,8.890177168,5.543918839,5.0553782389999995,7.529987805,1.628520664,6.4134716329999994,3.1447765939999996,3.674337535,4.75982267,6.974888781000001,6.227706916,5.530389647000001,5.328714202,5.397779122,5.989658005,5.705089002,4.844443502,1.9230203890000002,8.56264004,8.050615013,3.869492057,1.24827007,4.041867145,5.056607497,5.544720132999999,6.380029036,1.905366916,4.043014518000001,2.070510128,2.914541837,3.767891717,6.081257107000001,6.955419553,7.4691932,5.424831195,4.162673121,1.916226495,5.399676755,6.561543022,2.95240779,1.935113563,5.645358527000001,4.91514622,0.32147822800000003,4.10549309,4.4095072,5.545247061,2.406983255,7.102141988,3.81309015,-2.7332824419999997,4.75290343,-1.887781296,3.9857607839999996,3.7668446010000003,4.754269777,5.347431871,1.6978658569999998,4.872197328,5.6098086910000005,7.262937663,6.28699625,5.542723248,6.838813031,6.829063618999999,7.989537662999999,1.491402001,8.3882747,4.84485188,6.765088254,3.9600266669999997,5.9760610110000005,2.922818934,3.244917244,5.309734602,7.274400407000001,-1.120199921,3.138040198,4.558869048,5.123656211,3.861088807,2.135592109,2.914938597,6.067856588,1.8867582719999998,3.960054511,0.037776548,7.581059689,2.7092734810000003,2.025161892,3.4003486560000002,1.605847037,2.603506124,3.008184618,5.270281071,0.529337771,5.643390285,-1.773367282,-0.0,3.3481936169999997,1.414710055,3.6553053889999996,3.008184618,5.45346321,5.65678192,3.997987357,5.511649471,1.836027532,3.090413942,0.98740806,4.442954028,2.8571580689999996,6.092632851,2.480258825,8.578700021,6.981431278,4.809277001,6.258240766,6.651857079,7.453115357000001,6.867166146000001,1.45104874,1.1900915109999999,2.700252114,4.427162572,6.537892772,2.97545021,3.5284174360000002,4.93001932,3.1661821710000004,1.9768910819999999,0.58773584,3.516457564,13.19268987,2.584432194,1.126642147,5.578504858,4.158817382,0.936492632,3.219083866,6.9008312720000005,7.856338709,5.438440247000001,10.0495259,1.571582888,0.486990023,8.162179174,4.602454775,4.7504310610000005,3.717495777,6.22544168,2.6327712290000003,7.4783346139999995,-0.234051068,6.472107928,4.247694098,6.345330279,6.336003356,4.690042277,1.1917905020000001,3.415238537,6.154817407,3.186011072,2.189155148,3.1280958610000003,4.329901592,4.442008645,5.167054495,3.457004632,-0.021477386,8.344364108999999,4.839778559,4.006404816,5.108330472,3.258848675,2.67529123,5.375248925,3.791206153,4.482812123,4.634173055,3.2094289000000003,2.107544445
6,7.671758961,2.603800703,3.388614936,8.243634566,4.201375731000001,3.4565919469999997,0.501143889,3.4018001210000004,3.8422943139999997,1.969098765,5.91259735,0.746103902,7.257622132000001,7.761397558,-7.7479341370000006,3.944047455,4.972497232,6.0713319420000005,6.014713607000001,-1.7515595830000001,9.957538322000001,5.2081438339999995,3.577502707,-8.090408156,3.448596442,-9.487274337,4.391841674,5.557315448,0.339789805,0.816128801,1.508130994,1.588879509,4.674415794,7.043526621,4.95038231,2.4930345640000002,3.3100500910000004,4.36813004,2.711047245,1.697483731,5.239726055,3.755758298,2.23676172,0.129544771,6.755818168999999,-1.8016312380000001,6.113613172999999,6.35560168,4.195584457,6.003034386,2.16130962,3.5491434060000002,-3.44212093,3.357831338,-2.4245322959999998,-5.80881493,0.214897063,3.0483644919999997,4.33987909,-1.536437263,5.944648034,5.151516299,4.5108919830000005,3.5761421889999996,1.907451875,4.877946266,4.76528807,1.8501547390000002,-1.073760337,6.753146136,7.433865107999999,7.566979247000001,4.702913273,5.711935607000001,1.897008796,5.478428052999999,3.959462827,5.669982113,3.6627516680000003,5.780819295,4.388169638,1.201667891,5.669656121,3.607176515,2.094243772,7.169603307,-1.933031161,5.297363543,3.341915677,5.112183155,1.32810083,5.0249531030000005,2.385665958,7.006793805,-3.9785809260000002,3.9601728869999997,5.701635976,-3.9928926060000003,-1.338335655,-2.7934485789999997,-0.0,5.960377723,3.199453974,5.115343587,3.9601728869999997,4.57324665,5.953685569,9.073357815,2.398099188,-1.121492879,3.7336497910000004,1.231901441,5.496260929,10.83324106,5.471460785,4.547465068999999,1.7219677180000001,3.99261372,0.6674379189999999,7.516059426,7.800361656000001,6.893471623,1.4272241319999999,-2.951218257,-0.867892537,2.085084721,4.140482425,6.582889345,1.937305073,3.05356178,5.153686735,4.275879825,0.105341697,4.576857205,5.15616446,3.398449248,5.33855355,6.921014847,4.939405453,4.085432754,-0.651924179,5.00659351,4.634608978,2.877000966,6.560135749,5.6909247,1.277739779,3.604033685,5.200556034,5.649928424,5.613135268,0.530339441,-1.248541149,3.442724802,7.302796384,-2.73756788,6.107636575,5.566941412,7.417406314,7.164846656,2.261618076,-0.007327306,2.283555346,7.068192938999999,-1.253218537,-5.892073656,4.29078633,3.061384182,2.5070098990000003,4.980171334,7.677512226,-0.6301701829999999,3.820661114,1.370097781,0.60931434,-2.22798185,7.671758961,2.781324601,-0.598114221,6.057313574,3.9783955389999996,4.503348484,2.7536496510000004,4.145131393
7,15.23352675,5.855292469,6.102162507999999,1.765839309,9.245710355,2.574782905,1.531608244,8.923674958,4.904772599,3.209506893,3.454338921,-2.17491536,7.607676639,10.37832291,10.18885679,3.954172567,9.553654867999999,-1.159993515,1.526422965,4.850106782,4.1028090630000005,11.04692403,7.982045858999999,3.946453488,7.674129729,14.04454056,15.34626272,1.71230971,-0.19927041,0.502129093,3.8594190569999998,7.095967811,6.9873861129999995,6.009269279,2.158714704,9.242379722999999,10.45574209,6.044072289,4.8130479930000005,11.68076272,-0.105136983,4.718571601,5.4864721329999995,4.024116285,9.13554258,2.986959969,11.32655547,11.94187808,6.383750474,7.738019807000001,4.473892668,10.05004429,6.487368146000001,4.100973743,4.535691428,5.548388844,1.519315119,7.616571799,-3.436568769,1.286493102,8.300018686,5.372790898,10.10439754,5.626878712999999,5.993381482999999,4.369575903,5.467025239,3.60012873,4.59417018,8.674937416,5.175405575,10.24425228,2.66130414,7.722797524,6.433787838,-2.066379506,6.2699967029999994,11.67097982,-3.1166182489999996,4.372395772,6.610253786,-0.410744935,7.388788233,0.686066196,4.7528579980000005,6.360043779,5.635732223,7.169575677999999,6.18734068,13.00726781,8.260166247,4.2706517680000005,5.536131815,8.123481833,3.8926805389999997,4.842492303999999,11.27536802,8.275234497000001,1.924964748,9.015681307000001,-0.0,8.538831134,7.633470877000001,3.162642059,4.842492303999999,5.162530903,3.679079387,10.73339201,8.048950762999999,-0.22753451,-1.636427588,1.4937627619999998,10.75675212,14.76717554,4.3753477730000006,7.754574572999999,3.391388659,12.79835322,9.13809267,9.618720701,6.204314919,16.8579367,-1.64731009,0.89387841,9.751603173,2.517607013,7.874443615,5.5550993360000005,8.296050397,5.889581649,6.330602027,4.586604895,7.22347553,6.692441607,0.408807575,5.046587061,3.268678683,6.541289857000001,9.580663399,6.086390381,3.000637756,4.640096217,9.239779875,7.921166785,12.33243989,2.196880192,4.314468005,4.1303968069999994,9.830600252,7.41230202,3.988254136,4.767379629,-3.7544193189999997,2.05657595,8.355579603999999,1.206862702,13.92342393,8.496187696,5.041201958,8.294712682,6.316994289,6.410325547999999,7.675367162000001,1.08723254,3.0764943789999997,7.312804475,10.5686978,5.458102631,2.902885617,1.076568467,9.130367849,4.322467472,2.9171492289999996,2.976285204,7.283300205,4.05996374,15.23352675,3.7184049519999998,12.10515711,3.25279255,4.505214318999999,12.1741032,10.1610552,15.46329368
8,10.89543547,4.763554235,9.337447078,6.334558702000001,5.666955422000001,10.24846654,8.74041255,7.609824837000001,3.084650623,7.6571801520000005,9.216331129,-3.225925588,7.824429263,2.309248846,6.678434364,8.627500308,4.855080152,1.044526172,10.76335323,10.6454576,5.205173641,12.87040253,8.61053372,5.307085034,9.461219281,2.64815121,0.907673162,12.67555074,2.79963251,3.7986872860000003,2.065465475,2.635993482,10.04499043,7.635558445,12.1819496,14.00651739,10.75329245,6.142558056,5.832516738,11.69526461,6.9770153189999995,1.6489385109999999,1.594494905,-2.622906178,4.237831658,-3.5100053719999997,1.044438403,5.713845117999999,8.286047426,10.12108108,6.79727642,3.442933612,3.1979141710000003,10.45204898,-0.34005689200000006,6.064703432000001,1.8188302930000002,10.40888951,0.9115586390000001,8.303788899,9.854375359,11.92147294,10.06157391,10.886916099999999,7.631378667999999,5.047677804,9.089237611,12.86000651,6.936973789,12.495134599999998,9.504289587999999,3.36470117,9.060436315,11.86484142,5.805639397,3.456084803,5.458079722999999,6.429863719,3.34814686,8.547738107999999,3.844818067,8.666072674,6.844696517,1.14099799,3.2809058380000002,15.42353724,4.7165980560000005,8.488157859,2.965352368,7.113374028,7.442200701,7.505215152999999,10.47753123,11.60400423,4.44079165,7.34017808,4.001622698,6.8687190220000005,-3.833495524,5.601129052999999,-0.0,6.741518097999999,6.139380935,7.8709189010000005,7.34017808,12.15509193,6.786804259,3.9220406619999997,2.832235142,8.844513666000001,10.90665689,-0.930863885,-0.247354762,6.960491969,-0.6733189540000001,2.7166997619999997,14.3721049,11.3574067,13.38783506,-0.20274147899999997,6.378251887,8.04268934,-2.8571013260000004,0.020079052,0.660715991,2.139560372,4.977371155,3.621873112,9.215923299,5.300496773,11.16817346,6.2147671639999995,3.7241295130000003,5.55271694,1.53730733,17.88583729,9.203618908,7.078022135,5.267269603,8.478548867,1.978880154,9.739862601,7.027622151,8.83523181,10.14447943,16.6036094,6.935926011,12.375618600000001,3.7039563139999996,9.080110471,12.51358467,1.78854879,18.01398097,5.9223612139999995,3.701097571,-2.7853407060000004,4.203751111,3.9447174680000003,4.28458785,9.558323527,4.534189265,5.040735194,4.173609323,5.762206335,7.040445367,2.556589062,5.836817252,5.714530183,-1.9635886740000001,9.564067247,15.69838893,4.86616177,10.05994243,-1.55538265,4.8185600719999995,5.227817862,10.89543547,6.5213286539999995,9.972409769,7.458715011000001,5.749580142,5.897188732999999,2.853866655,-6.189649312999999
9,5.018613803,6.962105992000001,7.247619896000001,-0.76698366,11.4100354,2.597225323,-0.318536097,8.668260992999999,1.763706636,1.554984651,-0.17803830899999998,8.720154681,2.9542889289999996,-1.921702816,0.872054765,0.061494827,10.73695658,4.195716562,0.065037816,1.351816635,-0.854503481,9.357093698,7.0833713860000005,9.568624632,12.05617585,5.886626875,13.45551947,0.246322402,1.29109079,5.398932505,5.352759635,3.995474492,6.706888198,5.429704619,4.575569515,4.50748912,7.796032315,4.083345521,6.176666468,0.42135214200000004,3.73672953,2.320880049,0.822382636,6.23957272,11.89619614,2.521855736,3.580245511,7.1338943839999995,8.194984127,1.333525446,4.959517478,8.482238365,-1.2580936679999999,8.822680639,0.340196166,5.971289627999999,8.818233173,7.282503749,9.843224739,-1.252318778,7.958034177999999,5.687566684,8.430324005,4.124260465,10.66190529,2.602311114,6.197385128,10.77215535,10.75380931,-0.39338909,2.93291683,-0.610010673,2.270186062,16.75125015,3.270286912,7.339563503,6.827570037,6.902684162000001,-0.223191611,2.028966847,6.014959971000001,9.873824506,3.5522500760000004,0.463560422,0.039085682999999996,8.682442298,1.0275829570000001,12.47782319,3.217977648,9.558185177,8.670779723999999,-0.032613725,6.895879646,2.112055044,7.988866357000001,8.078782677000001,6.097415842,0.527813236,8.118085848,-0.735364927,-0.0,13.06946111,1.91629455,3.702259593,8.078782677000001,10.06424327,-0.632998631,5.082045225,8.562329465,6.20144548,-3.122442382,4.211052715,8.336313797999999,6.070264327,0.483068538,5.458239712,14.54574072,9.539161466,14.32650498,-0.109247897,-0.19950035600000002,6.561432532,9.253780306,0.190485727,5.736761205,4.373431031,10.96276347,10.59071384,1.4430247390000002,5.280260565,13.85518145,18.03164392,3.166954275,12.2054605,13.2095119,7.453370129,2.1894350730000003,10.34537593,12.25609118,2.033288415,0.5423864589999999,0.634973291,10.35217304,0.179412855,6.907799014,9.660242891000001,11.04875352,3.671579859,10.94830777,8.15541124,1.886570329,-0.020096867,6.74635687,1.153359897,3.9618968260000003,-0.6409212360000001,9.787113876,2.99600625,-6.756909431,5.281459493,10.50782175,2.7164329680000003,3.556898416,17.6230973,1.704196204,9.129254322000001,6.377527935,0.409539893,7.251225916,4.580302963,9.267573345,4.183465013999999,-1.111635311,1.216462374,1.520130349,8.154419800000001,5.018613803,10.23599625,7.675883497999999,7.3529710129999994,8.534992512999999,8.14396648,5.6776033020000005,13.34200342
10,10.79300085,1.812848746,6.588982215,13.44449281,7.530491775,4.423989838,-0.973127895,11.84119024,6.64718748,0.566066469,7.915094702999999,8.111437099,7.929548304,6.6149632039999995,8.920163811,11.57065244,7.650501257,3.197020021,7.514710718,3.656604505,10.31755672,10.506077099999999,15.72614246,0.839080217,-5.721306815,-4.592228826,0.589422332,5.948451896,1.1989576370000001,6.336393305,4.995769459,1.6981296590000001,7.213672599,9.146986669,5.899212862000001,5.608431622,6.973939143,9.132347351,4.644283738,-20.98406196,7.404232617999999,11.32258154,5.837079983,5.376283871,4.545483153999999,3.540794875,13.43321204,9.14169496,11.33471356,10.35894334,1.682613775,7.597333517999999,-5.860905268,2.461773742,-4.866028066,-0.11891992300000001,4.645007649,5.41709609,-0.910807655,2.90850457,7.1097060160000005,8.237579881,10.11779041,10.95488157,4.133310616,13.80769941,7.018654781,5.994200982000001,-1.3669951409999999,11.22155434,10.34171308,8.196229445,7.482654726,-0.399703542,10.46822661,-6.603919405,3.722066287,13.19804151,-1.280418197,13.10826708,3.9358813689999996,3.1772047519999997,11.92680629,5.987977314,1.8961578669999999,8.221700747,0.6755854990000001,1.07110341,4.501955011000001,9.772064896,4.64932472,12.0319215,9.538875567,11.95750613,5.275439448999999,4.561044913,3.025539034,5.274007496,7.1209585220000005,-0.19143827300000002,-0.0,6.681070012,3.6485783310000004,12.57451044,4.561044913,6.037348204,11.51544165,5.373161623,7.600380136,7.373762794,4.776506142,1.344438557,11.02830126,9.756009386,8.263811959,13.38011502,-8.027372815,0.785433837,2.798785011,4.318128675,8.51661958,9.146603285,6.6425493410000005,-0.252706534,1.426652836,5.591022187999999,5.815979614,4.413006594,-5.326726579,7.774183281,5.563427174,4.177529003,5.344616063999999,6.883529325,3.6241921280000002,13.73323559,13.12480785,0.180126203,8.826182099,8.053456321,0.242280525,7.976078493999999,10.14572964,8.53832504,7.116563162,-7.702933357,-14.328646300000003,10.97059287,7.078398862,11.24259101,9.295005312,-2.246108568,4.455955349,4.137374444,9.794796096,-0.24182056600000001,4.191286612,12.34960785,4.372726496,8.67874835,1.680555735,0.708940495,2.850940827,-1.4498444480000001,-4.642413167,4.076237978,9.228024884,10.09605042,-6.574012565,8.90496853,6.466851991,3.6222872280000002,6.63863259,2.113560078,2.625123103,1.44182754,10.79300085,-0.233324747,3.640900895,2.9074475060000005,5.133937223999999,5.173220644,9.185948552000001,7.368734347
11,7.263939719,1.198404133,10.47745644,4.596752464,6.969192856,4.771411191,2.4026835930000003,2.221023063,9.308718132000001,2.895336983,4.211200713,10.45875368,4.035333963999999,9.090428654,-6.53144313,6.592528132999999,8.610900527,7.471632239,4.141011888,11.4216034,1.432032701,5.15156575,7.905700776000001,-2.487132014,-0.937599195,1.9861957730000002,3.618357235,7.300033037,2.581460377,10.40182686,-4.306146893,4.01836333,1.8068236009999998,2.837833547,5.353602638,3.280491625,2.815288817,-2.387778294,4.246619247,-2.572147479,6.484506016,7.298485836,8.80761138,10.87145765,6.685337075,5.2047055360000005,3.5882930539999998,6.243204046000001,1.174904191,7.058886863,6.042121451,5.237534197,7.515894674,6.536518052999999,2.941122678,-1.852662333,8.632494188999999,-1.575184793,7.573665172999999,2.7330232660000005,2.635907929,-0.21479418100000003,6.965106408,0.6383827120000001,-4.26122177,5.559739375,-0.49186690299999997,6.9543224839999995,13.10119569,0.462969102,7.72545754,3.105188685,8.718920256,1.323832677,-1.613266897,4.840949402,1.663609984,9.452377111,4.322083871,7.250028542000001,8.059355542,4.2513579980000005,7.500229399,6.97057675,2.001239811,-1.781157546,1.098265289,11.67034024,5.750780977000001,9.758864383999999,9.51141448,9.597786051,-0.8692050579999999,5.250737558,-4.400306352,5.956967635,8.372362667,11.42112807,8.966768812,9.341289909,-0.0,6.781806525,7.584173411,2.52401577,5.956967635,5.623712529,2.62344364,8.807663112,4.504153167,0.644192557,0.585536521,0.483687391,-2.371621902,10.02843415,-2.453978736,1.036989487,5.653030466000001,7.010797739,8.295147698,11.80226744,4.9286498,-0.19482548,11.29337263,2.8894446960000004,-2.57503994,-1.254319903,6.693767312,0.03912928,2.493953248,5.595820117000001,-6.483626545,0.70920854,11.91706209,0.160465879,8.36492669,6.413972427000001,6.840682191,8.600170337,8.822677386,7.167903363,2.920799497,4.062191728,9.157640812,8.923940796,7.1472310310000005,12.84965355,6.299026089,-5.903734124,4.232260575,4.521706039,4.334783396000001,-2.2810508659999997,0.08550473,9.352808512000001,9.694527378,9.503123446,-1.51640639,8.248421517999999,5.9064328029999995,1.9744534169999999,8.443401804,0.8697626190000001,-1.279604082,-0.183794342,5.792388099999999,1.9636223680000002,8.13102431,6.00412262,5.9401216429999995,3.1953433760000003,4.0101333210000005,7.040376684,7.688758635,4.876964805,0.967503268,-6.377725206,7.263939719,9.122528968,-4.470308446000001,2.4611925269999997,6.735626412,5.202085838,1.7361318890000002,-2.907618123
12,6.334778697000001,10.15542278,1.116362955,7.045909675,2.21748798,2.557718226,2.453933637,1.76230679,10.76594076,0.47561778899999996,-2.105470419,9.178410586,0.302381948,-3.7808094569999997,4.043254139,5.2812584760000005,6.73011624,4.407146893999999,10.9535145,9.783026517,12.90535982,7.929997059,5.104683636,11.69820019,3.198618897,9.839818586,-2.9316959660000004,0.20465318600000001,1.943843864,9.206878247999999,1.414475489,5.234078867,-0.473224015,0.553860377,1.5599400330000002,3.1869031839999997,8.243618431,-3.4078502960000003,5.635130782,12.16924021,7.139839901,5.4852414210000005,9.480366716,9.289176291,3.8972995260000003,7.594030344,13.65555127,8.571351156,5.130619538,5.1640838769999995,0.643000715,5.572127112,6.239740707,5.322376132,3.46634607,21.52093771,11.29457288,8.890661654,6.772303367999999,0.672386845,-4.096943166,-0.45039747399999996,2.1213074659999998,1.91722538,5.658147769,7.652715716,3.7162022319999997,6.313212751,9.978350443,11.20561048,14.59644094,10.12050148,8.530164743,12.71938044,4.4013656039999995,3.2217234410000004,7.410111272000001,8.75068396,-3.9723507160000002,2.736929959,11.81195411,9.115440441,2.959258852,3.9400097560000003,0.556284419,2.6068592219999998,2.456557054,-5.729485843,0.8424291970000001,8.10818705,7.0147402,2.687913094,2.399394103,7.61056871,10.68453011,-3.729259307,-7.212758485,11.62515786,9.828261875,10.25313965,-0.0,1.757360644,1.6369378119999998,3.933711844,-3.729259307,2.178819102,7.000156041,0.698201996,9.375806351,9.127124039,8.436683426,-0.612353688,5.508058452,9.078066813,1.4654409780000002,2.757077035,-8.225237125,-7.7786032039999995,-2.684364205,-2.9377908319999997,-1.360597899,13.0870816,4.648826519,1.347215034,9.753197001,6.088776035,3.311501345,9.261419929,4.847507176000001,3.298934532,2.075595154,13.57468475,9.816875735,13.2069511,4.021215642,4.282224203999999,2.150123957,14.60620064,4.952745042,2.265606642,1.9060547680000002,-1.6901072080000001,4.191561635,-2.0723750830000003,5.116206532,1.752255515,7.8407738579999995,3.900091638,0.140644875,2.96347624,5.369313755,0.836917024,8.924327262,7.002885683,14.66033539,6.86689399,2.8279535510000002,3.8502151010000003,-5.366302929,1.596217868,1.3711880459999999,7.694850875,9.191351716,7.063666287999999,15.41010753,5.817530949,11.03556778,0.12408444099999999,9.574864647,-0.42111450799999994,3.9645908889999997,1.908501685,-0.525418564,0.215101553,7.763491212000001,12.37368239,6.334778697000001,7.704783127000001,4.89157578,5.712169983,2.47261578,-3.7709542469999997,-2.232726699,-0.94228166
13,2.7599010789999996,0.923996355,4.797558867,6.1234512279999995,5.481547541,3.956524237,0.7940598209999999,8.691735099,5.143784854,-0.581780471,7.340178369,1.5739641519999998,5.216734052,5.457774253999999,2.553762299,6.641863298,6.153049239,0.792789429,7.038298888,2.619841985,-1.007856428,6.841484202999999,6.803793682999999,4.329351515,1.945280956,4.568883111,7.6298960739999995,4.437895072,3.3688827439999995,-0.325878398,3.9371966869999997,5.319857423999999,7.7368204160000005,5.68098483,5.596239528,3.407231878,6.457349485,-0.7747845859999999,-0.59733488,4.126354153,2.624729738,8.908350296,5.732604451,2.55664513,5.68774119,2.291764765,0.560872964,8.060909248,7.064014082000001,1.908629353,3.594369584,6.861752835,2.250884206,6.020413277,3.3302457160000003,0.8059902840000001,5.605688555,6.525228685,1.776924018,0.897608227,4.73863264,7.494902956000001,5.97449115,5.377038726,7.617971169,6.996401661,8.581889387,3.565970731,13.05686373,2.802100626,9.256607016,1.6752195269999999,6.887394648,2.361036134,2.736182172,3.4357134,3.4117169119999997,6.687848669,0.9330153929999999,2.9116202039999997,7.508935178,-1.3185454540000001,2.519717616,3.409285727,1.3669120909999999,2.94490512,-2.112266708,5.707645174,5.398974995,5.6289789379999995,4.621290037,4.574165251,8.336111939,4.088531307,4.996869452,0.492475535,6.703076887000001,1.60771807,-0.031922942999999995,-0.11004319800000001,-0.0,6.413646625,9.579553899,4.695422647,0.492475535,4.213321422,5.721665343,8.031074799999999,7.026749000000001,6.779478183999999,6.72834993,0.635372418,3.554500408,6.387828785,5.1368768330000005,3.057688119,5.560858838,6.179578522000001,-1.226017176,6.376226665,6.989988554,0.452469316,1.0970881609999998,0.0040473029999999995,2.571322655,0.88245001,5.888579739,4.546632281,4.382177423,4.111063866,4.880966491000001,2.698776871,3.459970494,1.51994718,8.83593109,2.8955520630000002,3.30915999,4.844484571000001,6.5508800879999995,7.748935447000001,0.065196773,6.443222604,5.584851014,0.603957788,6.479046035,-0.18116862399999997,1.8416344169999999,7.662354631,5.078440685,1.627873315,8.361017661,6.726617586000001,1.6177686080000002,4.379597179,8.35234715,0.612565284,7.286592426,6.773303852000001,3.803432659,5.075605989,7.9387645120000006,0.667758463,2.850032987,-1.831591725,7.826283492000001,2.411635588,6.2667257020000005,6.531894302,9.038951379,3.6389946280000003,3.887454361,4.021481533999999,6.764048739,4.818047755,0.663572469,4.300438708,2.7599010789999996,5.033569573,-9.676662884,1.526503489,4.864934024,5.4419414239999995,3.444261238,5.255445552
14,-0.30566849100000004,-0.37922114,0.474128062,-3.1013380089999996,2.272053478,-0.08601869,-1.1222253709999999,-2.768872822,-12.70325292,0.5932402689999999,3.2596530169999998,3.748167425,2.8992343689999998,-1.544197993,-0.39831792899999996,-1.6574522969999999,-0.600099053,4.082244875,-11.77508471,-5.596233005,4.087334681000001,0.8428575140000001,1.012762175,4.0467235310000005,-0.025555427999999998,-2.622469877,-0.145706911,0.45012195899999996,0.11060705300000001,-3.355038402,1.095812917,2.943350956,1.9022678530000001,2.129327977,-0.706371705,-0.43211746,2.624186795,2.482266615,2.9163603260000004,5.641393194,7.047002514,0.350552462,-8.581407427,0.942156123,0.29556401600000004,0.368385345,6.592293809,-2.501708161,2.124601154,0.84158897,-4.54152766,0.041702384,-1.929151347,-2.5127342219999997,-0.465345147,-3.274821172,2.319784965,1.377771738,1.4191297280000001,-3.3106940469999997,0.970038904,4.383084123,1.823743704,1.821985323,0.30695244899999996,-0.8407066870000001,2.4459307669999997,3.763820084,4.831505538,2.95082636,-8.418523746,3.2831081810000002,-11.96809525,10.22056466,-4.085427597,-1.061414282,0.881386098,4.408568935,6.515072925,0.9277994820000001,-5.430768725,-1.961679245,0.699252694,-1.873424201,0.454348143,-4.114447209,2.001915204,3.0093122439999997,6.664241867,0.784426077,4.464867658999999,-0.090633151,-1.575209541,-1.21416274,5.174058116,-3.557482508,0.408240041,-0.10065527199999999,3.756366327,-0.509788406,-0.0,1.8781356980000001,-5.716885832000001,0.46637699299999996,-3.557482508,-1.3676063930000002,-3.8979664460000003,-1.3689875459999998,-0.946771323,4.378280736000001,-8.89140022,0.532375115,2.8956597410000002,2.791321948,0.91764216,-0.442478334,3.738409716,-2.7262485219999997,0.8746994840000001,-2.789904405,0.665798082,1.5169568409999998,3.337367018,-1.114609126,-2.65646725,0.08253873,1.115036851,-6.924610863,-0.6193699229999999,-0.891120047,-2.843983078,3.0855372660000002,-7.053839524,8.268426798,3.9480441739999996,-4.980881538,0.878740223,0.786022795,-0.361402016,-7.853842316000001,2.0533802519999997,1.553175714,-0.024923848999999998,-5.902714946000001,4.014464783999999,6.623902495,3.581046909,3.624539431,2.67847662,-1.6674695769999999,-5.97897433,-2.728374374,-4.7734314819999994,-13.7539701,-10.7178541,-2.493673385,0.29072149399999997,2.235965492,-1.461627724,2.6920154660000004,5.063599463,2.086805453,2.576521235,9.282971836,7.240611036000001,5.766291535,-1.7571000780000001,-0.8739694640000001,2.9281963980000003,0.361616681,-0.8719159329999999,-2.9188126889999997,-4.526458547,2.414803676,1.132106655,8.796875134,-0.30566849100000004,2.891469397,-5.267424396,3.837315722,-2.941431727,1.328242078,0.179818576,2.7052489680000003
15,-1.3576535269999999,10.14918746,11.1185553,15.75493609,14.42030159,5.714341073,1.206147919,9.617698417,7.340967535,5.693792778,12.16196128,7.0005836729999995,4.64400558,0.807865499,8.418588757,14.08169956,13.89467872,-2.494888032,21.63520923,9.366014816,-0.226195498,15.96166821,6.521674177,4.065070051,-25.42862325,18.37202834,18.81098577,7.425856349,5.240869664,2.306308507,9.133721608,14.47816687,5.180734641,8.575167359,11.93338822,7.097567352,-0.806870855,12.31240013,5.08158493,-16.40741701,11.20070337,9.806459275,11.111294000000001,11.10371519,19.16440612,10.15203523,2.315446679,14.05129077,17.51165874,3.0664414160000004,15.95210228,8.253447227,11.20100842,17.25772732,10.66771039,13.33585496,5.272609281,8.85531708,7.734741701,5.476167187000001,5.953280615,11.29280593,13.23568626,12.88634214,8.559648465,11.5347899,1.505299201,9.78909953,2.407588511,-2.563453974,19.27612775,-0.30192084,19.17274738,1.43427812,6.780955766,2.890135495,8.056377458,10.44968455,-30.004181,8.196871316000001,12.28845916,15.00821794,7.006771283,7.013544273,-0.21451863899999998,2.304846355,-0.298820304,3.62059032,11.95019407,11.07237456,-2.577611073,15.72562682,7.426069555,5.002973883,-1.0138166659999999,4.288561136,14.62592552,12.98858919,6.968251897999999,14.76300539,-0.0,3.824801907,12.18804279,11.1737866,4.288561136,6.251454597,12.81057034,8.026417117000001,11.95650548,4.754185655,18.67442444,1.754803488,14.56767434,8.949277885,9.178344287,13.13167108,-3.420216519,17.37366115,-13.27807102,-0.37285244799999995,3.540026955,8.170283762999999,7.789302682000001,11.41341958,2.9310139289999997,2.123352153,13.64703505,12.59209354,-18.40205923,11.04875671,-4.345171547,-12.84185961,10.48220173,3.372837759,6.330710863999999,6.754896921,7.5093660710000005,0.005838593,13.11013155,16.22931067,0.625255211,13.94519724,13.87540886,7.351492897999999,13.28428357,-0.59281016,8.794825303,8.184645696,7.774532212,11.11308986,20.61120959,14.78116521,1.9547180469999998,15.83321458,12.033776699999999,4.97466281,18.30889355,10.95394724,3.07433541,4.73629204,1.92402705,4.180572853,6.287943146,-19.32502553,5.23600035,11.36145644,11.39486077,10.59424958,3.8032001230000003,4.720847,8.804326577000001,11.17641432,5.906782105,7.470494497000001,5.356766075,3.687621161,-1.3576535269999999,8.400099642999999,3.632033049,9.590713436,17.540025699999997,15.6038167,14.34868591,13.81091706
16,8.175382264,4.839977595,8.486053534,6.340744143999999,2.708292425,6.430521285,-2.034333495,5.131933117,8.249554707,-4.131388698,4.794891656,16.91791342,2.336562055,2.221905822,25.25468131,4.896501289,-0.285729357,2.87183904,10.56818076,-8.125571204,-5.603281081,-2.052367715,6.15109515,9.287264211,5.788115159,12.38545438,6.148509671,3.309732986,-0.6848947879999999,13.12879535,7.992933497,2.60239604,6.35623091,4.885064772,5.43608782,6.04033187,3.0568245060000003,-5.353024566,6.585737021,-3.645915019,2.9355639780000002,-6.474169811,7.404776957999999,11.0092785,7.9878498879999995,0.036712612,9.013536943,6.493870557999999,2.463974741,-4.437389375,7.548330391,9.984597423,0.422062659,7.167307354,3.661799545,-6.431074529,11.08950897,8.659068764,8.940643946,-3.0589574789999996,3.899739329,6.525098879,-3.962721236,-6.370948802000001,8.896238948999999,3.56713358,3.061002718,7.8016744970000005,-2.590139336,-4.6673142510000005,10.17143404,5.74667461,6.646200415,-3.741440528,9.155582313,7.365520769,0.608760667,-0.292050515,0.82603432,-4.025527759,10.91366117,11.03526485,-0.613073726,2.217306266,3.019564402,8.230156435,1.512228884,9.396814347000001,0.259118239,2.54526887,12.37684087,-1.5042629580000002,8.931630915,-2.9068218839999997,9.826015437999999,22.88262714,3.7890684219999997,-5.75867617,17.16016092,-4.181366617,-0.0,6.644585117999999,0.671093588,4.8548153769999995,22.88262714,2.452049755,6.607870307000001,4.3059175839999995,0.873537709,15.27429537,8.759904319,2.657581489,4.383470019,4.631291549,-6.211747523,3.781511605,9.719053018,5.900887141,1.207842389,2.7867813569999997,4.069641437,7.908841739,16.06062351,2.002333658,0.830252,0.19042926100000002,6.785180185,8.257915172999999,-2.612739683,4.4806536139999995,0.021996942000000002,5.65831367,1.970661201,15.18029919,9.032869465,-3.194861257,-4.92193798,-2.3461333669999997,-0.06528341900000001,2.910200988,-1.137915365,4.46201927,6.907398701,5.648593622000001,0.6994660420000001,6.417981159,8.637909497999999,15.98032127,2.771641998,9.425166852,6.39325005,-0.9329077029999999,4.383747515,5.9648622520000005,9.392092385,-1.243233878,-0.310427752,-0.433253279,3.876104142,1.065038023,10.6434409,4.390628726,4.593830141000001,7.994692852000001,7.228031929,0.530477196,5.417001554,0.37890421799999996,-7.4412543520000005,6.298628164,7.030313552999999,-0.661781675,4.594974971,8.179819194,4.800324971,8.17263145,8.175382264,10.82463826,5.328658249,6.906148357999999,6.697889729,4.1102451339999995,2.155251069,6.358444877999999
17,4.315103639,0.6440784829999999,5.3812676139999995,-10.01897136,8.537297168,-2.015697856,-0.125438528,7.481154198,-3.2533937230000003,2.680782358,-3.3717352289999996,1.709705087,2.453683061,3.0033052689999997,8.530468341,-9.454481488999999,5.147180217,5.19560754,-8.343146975,-3.835634116,6.698051034,6.132544879,2.50336065,5.333472917,-10.32659435,15.09056724,3.989654157,-1.551107745,2.144638591,-0.040260196,-4.108350326,4.359688951,-2.0273921,2.7075482610000003,0.56662469,4.745554681000001,-1.211441843,-1.878950013,2.696492147,-2.412820588,4.738471877,-1.921370686,-2.261730859,-1.310541737,7.32964219,0.525060733,0.605648058,-1.1207031029999999,4.911177357,-0.006881338000000001,5.529084535,-0.07756073200000001,-0.23950644699999998,3.028656256,-1.531947305,-21.15340675,1.1532560840000001,5.04895534,7.132019153,-2.9998652530000003,3.7030907269999997,7.409628255,2.316131393,5.175412166,6.546145644,0.43321226700000004,3.948780818,13.28556976,-4.085454471,4.750545568,-4.144184804,2.485718085,-3.8095012660000003,-17.8717691,3.7731064069999998,13.59884398,1.629693031,0.20049710199999998,-2.981539198,-1.26546646,-1.729104709,5.610419939,-0.954402627,3.532524427,2.5918929790000003,6.051582169,1.226585616,-5.068772287,1.368698718,5.9528093339999995,-2.1868052959999997,-4.6086652180000005,7.9614850079999995,3.333579078,5.435044421000001,10.96524928,4.472749243,-1.473397293,-1.259602996,0.235640214,-0.0,-0.001695139,-14.04622843,10.14438258,10.96524928,-0.623345924,-11.03508046,1.523514571,-0.453578755,-0.128274505,-9.061308334,-0.079453606,1.545437846,0.794056345,5.351527577,-7.671194796,-8.082520076,6.160831043,-3.885706008,5.272476209,3.218140376,3.631729663,1.158170106,2.207065492,9.699867244,-0.6739673290000001,6.670800115,3.358468637,4.786078482,6.301178155,6.499697962000001,-8.494538961,-4.914975334,17.98290665,4.017933561,-15.61866277,-1.22247742,-9.780322673999999,6.3742083229999995,-12.20237504,-1.9131149159999998,-1.218360436,5.093747435,5.837675187,2.435677683,-15.33301686,-5.597840548,10.04057592,2.9560754389999997,4.252249777,-10.82189269,3.787586249,13.01511368,-4.378119675,-1.8517753069999998,0.055546921,14.39313254,-0.772434342,3.65411786,3.1817552360000003,-5.402443206,3.0749042999999996,2.100235449,-4.278609472,-5.888141525,0.6066687129999999,1.438852101,-4.198772591,2.100747831,2.793614825,2.888256119,-9.699422995,1.147148834,-0.300333136,2.591947364,-2.891349917,4.315103639,-1.259505041,-10.21286789,-0.7693320020000001,4.830659173,8.035621023,0.75388825,3.965311085
18,5.875724742999999,5.034714649,6.055438186,3.34570472,12.44543044,2.921362045,5.847308901,9.336096309,3.658921887,4.935137879,7.634739292000001,8.829853541,6.565683412,10.01284619,4.13766606,3.207887514,10.25285641,11.74023924,1.7330254859999998,-3.430125375,-3.83379567,10.01800736,1.851998292,12.60422983,2.397184135,-14.88194743,7.207418326,8.399385386,1.723326507,-0.204775679,2.144017008,3.990335304,5.251030323999999,8.529654615,4.091680128,-0.764349429,7.719600893,5.109071768,7.376924989,-1.7196669830000002,12.52388539,7.604029995,2.020449411,9.409769172,7.689077945,6.794943467,-2.379026621,2.486123427,1.494170161,2.11138954,11.01034816,0.060831575,-8.623565926,1.23190166,-1.377427204,3.0898313980000003,2.86052477,-1.018128333,8.239928945,5.75246122,4.572100609,10.52976491,7.970363732999999,13.04368277,4.7599012830000005,5.898968796,11.46697987,5.028066442,-4.0210897569999995,5.737897218,5.521497665,1.37483466,7.007389966,1.632279309,-0.320491739,13.334168300000002,7.3041304270000005,6.88478616,6.171957265,6.042753294,2.487107944,10.61067766,3.9411121,2.625511715,4.024907768,-8.596329831,5.947868204,-2.527775401,0.23949959399999998,8.227201001000001,-2.487424821,9.425163441,4.966701412,6.086816014,12.63241226,11.89563358,-0.243306002,-5.115462116000001,9.232930797,-8.640128346000001,-0.0,6.819044299,0.121884701,-6.20337673,11.89563358,8.071291883999999,4.156926185,9.56804078,2.161662946,1.680306024,-3.742986983,-1.013829092,2.9518726460000004,9.778963158,2.2321428009999997,0.06452855099999999,0.46512402,8.632826613999999,20.86210078,8.379643571,6.155200599,5.870295882000001,11.49451173,7.583490202999999,-3.8109675689999998,-5.158722924,9.634500782,9.481527326,8.065047417999999,4.996546382,1.360073885,1.046511529,3.4088791919999997,3.4482851389999998,3.941888285,1.244137089,6.401632729,4.939259089,12.68517359,2.525572619,1.218493243,6.465221992999999,9.881875789,8.265677655,6.416762658,-5.634454606,4.449529524,15.53146112,7.6075584439999995,0.512140385,2.9516228989999997,0.667720136,-2.053976569,6.7011089020000005,7.186292896,1.644429029,17.95065978,7.095162242000001,4.414071016,4.37482612,0.594415337,7.343991299,7.44330225,8.660333695,12.89451325,11.75476594,2.298907358,7.745755634,4.988152881,1.335908959,1.0887315709999998,-0.8436184109999999,1.2361249429999999,5.686762329,7.333562307,11.11094428,5.875724742999999,-5.556763319,6.818573606,4.104267664,5.5377625329999995,5.198281192,8.046684504,5.80962136
19,3.8897456139999997,4.4649246069999995,3.3342245989999997,7.242588287999999,5.727622696,1.153624201,5.93651126,6.291795777000001,6.265128207999999,6.359939025,0.879670277,6.80445084,1.3361134890000002,2.838734282,-6.410020691000001,5.15404038,7.5411574660000005,2.730358644,8.459964662,4.261739254,1.990464442,5.170325579,6.181167134,0.366214821,0.007175887,-0.50388974,4.855113402,2.1697249530000002,0.44509955100000004,8.776338402,2.8999512239999996,5.995410412000001,2.8833889619999997,2.263934856,3.2970250439999997,0.531995058,2.553208864,3.650419916,3.342559713,-11.83809226,-1.583808689,7.016242871,6.42139031,8.392622669,10.06016297,8.705390197,3.230789123,0.353072311,3.889521191,5.9362385710000005,4.874600942,6.692249073999999,5.036396023,2.8029932669999997,2.402757635,7.977771809,8.189652658,-5.4729651189999995,4.399433496,6.408997186000001,2.7620275239999996,0.7101034959999999,3.7122723239999997,1.5116954790000001,2.8738542660000004,3.23634998,3.133689247,2.056631979,8.968034657,1.490437482,5.750354496,1.94896575,7.025512428,2.700365278,3.4064388869999997,0.178808742,6.876557864,10.0839145,-5.205326386,7.583588429,4.483771805,3.9424728410000003,6.324166064,9.076284895,3.553840643,0.877912749,1.6877248569999999,5.322339467,7.4401321,9.823304941,5.320535037,9.082679642999999,-0.741988181,3.161951195,0.525232079,5.08553859,1.863828377,2.891362403,10.12696855,3.456701769,-0.0,2.544679141,4.935346891,4.356343576,5.08553859,5.412829959,6.83820367,2.870848248,7.161034057,1.19170529,9.970401847,0.9720937940000001,2.9317012160000004,4.547862353,3.676082959,3.684771747,5.055315558,2.4913739130000003,0.42203457200000005,1.697459386,1.99794748,-6.0992316429999995,6.628513809,-0.482470645,0.8735872379999999,2.53180241,5.397705665,5.29416169,1.0790384690000001,1.570938679,5.181193082,-0.70357725,6.248032827,5.358289061,8.01745296,7.013187195,6.84748055,2.434878129,6.2877308560000005,7.140206376,3.425154035,2.435904182,5.664773407,2.5685869219999997,2.8896244110000002,9.259276783999999,-0.39261792799999995,-2.199297296,2.487364505,6.235436042999999,7.821640499,-1.65730504,0.454579525,7.730352194,3.707628943,5.298358545,5.218796491,7.588849054,-1.74651338,2.094159108,5.594159007999999,2.475735466,5.637002572,1.340372629,6.86337447,0.029178348,3.771964205,5.473603326,4.951181459,1.77335114,2.261320526,4.3762733119999995,1.847620946,2.275399785,4.464642362,-0.24927730899999997,3.8897456139999997,6.109527159,3.3865792989999997,6.19815126,5.91133235,4.047618161,3.029654645,1.007107499
20,4.654272617,4.374108304,7.237409669,-3.1504234510000004,9.079571582,3.476353164,-2.140940728,12.39922469,1.4172411630000001,-0.773599778,3.869318765,2.377644164,1.959388615,-3.22570152,2.7768414210000003,1.796713891,7.106700522000001,4.599211697,-3.388132829,1.24393355,5.0709538069999995,7.808572436,5.146939864,4.149647427,1.444769205,4.74539344,3.295840342,2.827163451,0.881895104,1.650829342,-2.683252922,5.685954333,2.890220537,3.15673575,2.353719463,1.7454260080000001,5.133570767,7.406873308,3.570424206,-6.569865802000001,1.910898776,2.031781717,5.236279323,6.277434415,7.57923718,3.938789902,7.029101097000001,5.840625486,3.1932226960000003,4.245994832,4.698626806,6.656890947999999,-0.46710473799999996,8.166974058,2.05665034,-5.779824185,2.745205362,0.087310884,-1.377900474,-1.796199509,4.9569959610000005,2.771176837,3.9182207730000003,3.900533797,4.2550423969999995,1.4597887040000002,-0.066753954,7.262259577999999,13.86881374,1.950924901,-0.352935017,6.871953451,1.300812001,0.585230339,-0.518179625,0.9338666390000001,5.215238161,5.825605073999999,-0.534000927,0.5623762720000001,0.9338846120000001,7.744342705,3.181304794,5.557286239,-2.45662118,9.431705026,0.6633841970000001,5.438091828999999,0.059722476,8.966745468,1.580594791,-1.380694439,4.520282241,5.931002476000001,6.4786409879999995,7.4705460210000005,7.320438985,1.4876332780000001,2.501101669,1.755828019,-0.0,6.699952144,-1.00845728,6.866847997000001,7.4705460210000005,2.224278095,-1.270443145,-2.369384012,7.703815603,2.28829673,-7.702378572000001,-0.383715834,5.361899343999999,2.0094288330000003,5.377803201,4.347342291,2.804244991,2.586954771,2.863743655,2.971552134,1.760603718,1.57531117,4.206437552,6.2096639829999996,1.164248513,-1.4456716269999998,9.10635328,4.018512888,1.8223411390000002,4.093707393,7.307416666,0.790611055,3.559950482,3.990625645,6.50939131,16.67976002,0.068220462,3.6754288410000004,8.922533342000001,1.9265475419999998,-1.390523955,1.9950682569999998,8.617997902,7.223329539,3.059809985,5.270857167,3.9802477639999996,2.479897505,1.4948690359999999,4.588724995,0.9183926240000001,2.288817524,3.548367378,1.194097903,-1.090988362,4.143493587,4.180163005,1.500408341,1.554629071,2.934234898,1.997710923,2.862995967,2.37978846,6.358734687,0.8971013390000001,1.198120537,7.348964754,-1.490311711,13.91356879,7.921113828999999,4.381725517,-0.426479011,8.728439518,2.283441293,2.352407126,5.485751669,4.654272617,4.898656409,0.01365911,-3.576021963,1.072003636,3.34096454,5.389137354,3.029135845
21,3.4981546289999996,1.401575139,2.814600778,0.649689771,2.828491863,6.745775943,-1.216332213,5.676925395,0.284357831,1.5271762009999998,5.858959208,3.2353790119999997,4.754762094,6.746400587,12.46862502,0.09942754699999999,0.37541036200000005,3.244240791,-4.382291468,-1.5223448519999998,1.247193506,7.035730203,5.650454964,0.468318499,2.833804551,-1.864591361,9.461883236,5.917280324,1.5938093,0.6686575539999999,3.947570109,3.84954622,7.834639486,5.420329086000001,5.405849738,3.835435983,3.362166311,3.5061167789999996,4.7148672110000005,4.550234594,6.904513318999999,3.479479032,0.730988327,0.478084781,7.364106175,-1.4127497580000001,-1.769748551,1.3383275270000001,5.217071892,3.118570648,3.760235878,0.12479722,-2.4960248259999998,4.685218596,-2.3073530780000002,5.822578587000001,2.05139318,5.607785307,1.829068004,-0.344591624,4.845819036,8.57972911,5.777237215,9.092069398,7.906701472000001,1.003149241,3.530771045,0.697573398,10.82293236,1.776024499,-4.024666956,6.106520794,-1.9844387630000002,-1.279814037,6.314766368,2.669975154,0.86215811,-0.818920579,-9.356462207,1.74838567,-0.38682360299999996,3.824895525,1.745453195,4.955957876,5.605762792,4.940175677,-0.225182561,4.597992585,5.264278074,2.947183098,7.966906004,1.218761736,8.8592195,-0.7878622390000001,-2.0949333980000002,5.363888843,2.2047246680000003,-1.345225062,2.2925531130000003,-1.516288209,-0.0,4.611736095,1.435336037,2.384475584,5.363888843,2.83388365,1.0442106690000001,7.370982316,1.6970552890000001,5.889465173,-1.995389164,1.3612480980000001,7.067566306,1.9846547819999998,2.99784545,10.26013354,0.125442595,9.671754985,2.3089805290000003,6.080889612000001,4.31758849,1.861865075,2.276476122,0.316707433,5.74925607,2.060554027,4.754744882,3.9235952689999998,2.103904631,3.2536576,6.065733327999999,2.804679681,-1.29942749,-2.5171629209999997,-0.186629157,11.29350387,2.500482639,-1.401448732,1.4408135869999998,-0.396489762,2.114188549,5.340320462,3.919603397,3.9407094289999995,4.960183967,-3.014737101,3.8721463239999996,8.783296057000001,5.312376651,9.464378387,-2.251546094,5.759674519,2.24505162,-1.300323011,-2.898964452,-0.123313394,6.234565442999999,0.38158963,5.086313914,3.9446521339999996,6.086646491000001,0.7495624479999999,4.138001658,4.7669465010000005,4.873017977,6.163929392000001,-0.19917697399999998,-0.445566885,0.921669243,4.991576556,4.879314096,0.816710873,5.232481114,4.009223957,3.359555629,-0.321902721,3.4981546289999996,7.4566036879999995,1.754570094,0.853951681,3.81554895,5.724067071,5.068619645,9.19344848
